N,P,K,temperature,humidity,ph,rainfall,label
90,42,43,20.88,82.00,6.50,202.94,rice
85,58,41,21.77,80.32,7.04,226.66,rice
60,55,44,23.00,82.32,7.84,263.96,rice
71,54,16,22.61,63.69,5.75,87.76,maize
61,44,17,26.10,71.58,6.93,102.27,maize
80,48,23,23.58,65.14,6.39,66.41,maize
40,68,79,18.82,16.83,7.48,80.16,chickpea
23,73,82,17.02,18.55,8.52,79.14,chickpea
38,72,77,19.02,14.68,7.18,91.80,chickpea
20,67,18,18.32,21.56,5.56,113.49,kidneybeans
35,74,22,23.15,22.68,5.72,138.65,kidneybeans
37,68,23,31.22,48.24,5.92,152.69,pigeonpeas
22,72,19,28.71,62.80,6.62,118.68,pigeonpeas
12,47,18,27.18,52.32,7.21,53.21,mothbeans
38,41,24,29.35,47.28,8.21,68.12,mothbeans
23,43,18,28.12,85.21,6.82,48.12,mungbean
12,52,22,29.81,81.34,6.42,52.19,mungbean
42,68,19,29.12,65.12,7.12,68.42,blackgram
58,72,21,31.24,62.19,6.84,71.28,blackgram
18,62,19,22.12,64.21,6.82,44.12,lentil
28,75,22,25.41,68.12,7.42,48.91,lentil
18,18,38,21.42,91.24,6.21,104.12,pomegranate
32,24,42,23.12,88.42,6.84,108.12,pomegranate
100,82,48,27.12,81.24,5.91,105.12,banana
112,91,52,28.42,78.91,6.21,112.42,banana
18,28,29,31.24,48.21,5.82,91.24,mango
32,38,32,34.12,52.14,6.42,96.18,mango
24,132,198,12.42,81.24,6.12,68.42,grapes
35,141,202,38.12,83.12,5.82,72.18,grapes
90,12,48,25.12,84.12,6.42,48.12,watermelon
110,22,52,26.84,88.12,6.71,52.42,watermelon
95,18,48,28.42,92.12,6.21,24.12,muskmelon
115,25,52,29.12,94.21,6.52,28.42,muskmelon
24,135,198,22.12,92.12,5.92,112.12,apple
35,142,201,23.42,94.12,6.21,121.42,apple
22,12,8,18.42,91.24,6.82,108.12,orange
32,22,12,32.12,93.42,7.21,115.42,orange
42,58,48,28.42,92.12,6.21,120.42,papaya
62,65,52,38.12,94.21,6.82,180.12,papaya
22,12,28,26.42,92.12,5.82,160.12,coconut
35,22,32,27.84,96.12,6.21,190.42,coconut
120,48,18,23.42,78.12,6.82,72.12,cotton
135,55,22,25.12,82.42,7.42,84.12,cotton
78,42,38,24.12,72.12,6.42,168.12,jute
92,52,42,25.84,76.42,7.12,185.42,jute
98,22,28,24.84,58.12,6.21,135.12,coffee
112,32,32,26.42,64.21,7.12,172.42,coffee