crop,N,P,K,temperature,humidity,ph,rainfall,yield_t_per_ha
rice,90,42,43,20.88,82.00,6.50,202.94,4.52
rice,85,58,41,21.77,80.32,7.04,226.66,4.38
rice,60,55,44,23.00,82.32,7.84,263.96,4.61
maize,71,54,16,22.61,63.69,5.75,87.76,5.12
maize,61,44,17,26.10,71.58,6.93,102.27,4.88
maize,80,48,23,23.58,65.14,6.39,66.41,4.95
chickpea,40,68,79,18.82,16.83,7.48,80.16,1.82
chickpea,23,73,82,17.02,18.55,8.52,79.14,1.75
kidneybeans,20,67,18,18.32,21.56,5.56,113.49,1.48
pigeonpeas,37,68,23,31.22,48.24,5.92,152.69,1.22
mothbeans,12,47,18,27.18,52.32,7.21,53.21,0.81
mungbean,23,43,18,28.12,85.21,6.82,48.12,1.02
blackgram,42,68,19,29.12,65.12,7.12,68.42,1.12
lentil,18,62,19,22.12,64.21,6.82,44.12,1.31
pomegranate,18,18,38,21.42,91.24,6.21,104.12,12.15
banana,100,82,48,27.12,81.24,5.91,105.12,35.40
mango,18,28,29,31.24,48.21,5.82,91.24,9.85
grapes,24,132,198,12.42,81.24,6.12,68.42,20.12
watermelon,90,12,48,25.12,84.12,6.42,48.12,24.80
muskmelon,95,18,48,28.42,92.12,6.21,24.12,18.10
apple,24,135,198,22.12,92.12,5.92,112.12,15.20
orange,22,12,8,18.42,91.24,6.82,108.12,14.05
papaya,42,58,48,28.42,92.12,6.21,120.42,39.80
coconut,22,12,28,26.42,92.12,5.82,160.12,11.20
cotton,120,48,18,23.42,78.12,6.82,72.12,2.54
jute,78,42,38,24.12,72.12,6.42,168.12,2.82
coffee,98,22,28,24.84,58.12,6.21,135.12,1.21
